<assembly
	xmlns="http://maven.apache.org/plugins/maven-assembly-plugin/assembly/1.1.2"
	xmlns:xsi="http://www.w3.org/2001/XMLSchema-instance"
	xsi:schemaLocation="http://maven.apache.org/plugins/maven-assembly-plugin/assembly/1.1.2 http://maven.apache.org/xsd/assembly-1.1.2.xsd">
	<id></id>
	<formats>
		<format>zip</format>
	</formats>
	<includeBaseDirectory>false</includeBaseDirectory>
	

	<fileSets>
		<!-- global files -->
		<fileSet>
			<directory>${project.basedir}/src/main/bash</directory>
			<includes>
				<include>**/*.*</include>
			</includes>
			<outputDirectory>sugar-standalone-install-config/bin</outputDirectory>
		</fileSet>
		<!-- arender files -->
		<fileSet>
			<directory>${project.basedir}/src/arender</directory>
			<includes>
				<include>**/*.*</include>
			</includes>
			<outputDirectory>sugar-standalone-install-config/TC-SUGAR-ARender/Configuration</outputDirectory>
		</fileSet>
		<!-- CLM files -->
		<fileSet>
			<directory>${project.basedir}/src/CLM</directory>
			<includes>
				<include>**/*.*</include>
			</includes>
			<outputDirectory>sugar-standalone-install-config/TC-SUGAR-AppSrv/CLM</outputDirectory>
		</fileSet>
		<!-- HTTPD files -->
		<fileSet>
			<directory>${project.basedir}/src/httpd</directory>
			<includes>
				<include>**/*.*</include>
			</includes>
			<outputDirectory>sugar-standalone-install-config/TC-SUGAR-AppSrv/httpd</outputDirectory>
		</fileSet>
		<!-- sesame files -->
		<fileSet>
			<directory>${project.basedir}/src/sesame</directory>
			<includes>
				<include>**/*.*</include>
			</includes>
			<outputDirectory>sugar-standalone-install-config/TC-SUGAR-AppSrv/Sesame</outputDirectory>
		</fileSet>
		<!-- sugar-services files -->
		<fileSet>
			<directory>${project.basedir}/src/sugar-services</directory>
			<includes>
				<include>**/*.*</include>
			</includes>
			<outputDirectory>sugar-standalone-install-config/TC-SUGAR-AppSrv/sugar-services</outputDirectory>
		</fileSet>
		<!-- sugar-services files -->
		<fileSet>
			<directory>${project.basedir}/src/sugar-usage</directory>
			<includes>
				<include>**/*.*</include>
			</includes>
			<outputDirectory>sugar-standalone-install-config/TC-SUGAR-PresSrv/sugar-usage</outputDirectory>
		</fileSet>
		
	</fileSets>

</assembly>
