<?xml version="1.0" encoding="UTF-8"?>
<application xmlns="http://java.sun.com/xml/ns/javaee" 
             xmlns:xsi="http://www.w3.org/2001/XMLSchema-instance" 
   xsi:schemaLocation="http://java.sun.com/xml/ns/javaee http://java.sun.com/xml/ns/javaee/application_6.xsd" 
             version="6">
  <display-name>BPC_SES_SAF</display-name>
  <module>
    <web>
      <web-uri>BPC_SES_SAF.war</web-uri>
      <context-root>sesame_saf</context-root>
    </web>
  </module>
</application>