<assembly
		xmlns="http://maven.apache.org/plugins/maven-assembly-plugin/assembly/1.1.0"
		xmlns:xsi="http://www.w3.org/2001/XMLSchema-instance"
		xsi:schemaLocation="http://maven.apache.org/plugins/maven-assembly-plugin/assembly/1.1.0 http://maven.apache.org/xsd/assembly-1.1.0.xsd">
	<id>saf</id>
	<formats>
		<format>zip</format>
	</formats>
	<includeBaseDirectory>false</includeBaseDirectory>
	<fileSets>
		<fileSet>
			<directory>${project.basedir}/src/main/assembly</directory>
			<includes>
				<include>saf.cmd</include>
			</includes>
			<outputDirectory>./</outputDirectory>
		</fileSet>
		<fileSet>
			<directory>${project.basedir}/src/main/assembly-resources/020-local</directory>
			<includes>
				<include>**/*</include>
			</includes>
			<outputDirectory>./config</outputDirectory>
		</fileSet>
	</fileSets>
	<files>
		<file>
			<source>${project.build.directory}/${project.artifactId}-${project.version}-springboot.war</source>
			<destName>${project.artifactId}.war</destName>
			<outputDirectory>./</outputDirectory>
		</file>
	</files>
</assembly>