<assembly
	xmlns="http://maven.apache.org/plugins/maven-assembly-plugin/assembly/1.1.0"
	xmlns:xsi="http://www.w3.org/2001/XMLSchema-instance"
	xsi:schemaLocation="http://maven.apache.org/plugins/maven-assembly-plugin/assembly/1.1.0 http://maven.apache.org/xsd/assembly-1.1.0.xsd">
	<id>ear</id>
	<formats>
		<format>ear</format>
	</formats>
	<includeBaseDirectory>false</includeBaseDirectory>
	<files>
		<file>
	      <source>${project.build.directory}/${project.artifactId}-${project.version}.war</source>
	      <destName>${project.artifactId}.war</destName>
	      <outputDirectory>./</outputDirectory>
		</file>
	</files>
</assembly>