<assembly
		xmlns="http://maven.apache.org/plugins/maven-assembly-plugin/assembly/1.1.0"
		xmlns:xsi="http://www.w3.org/2001/XMLSchema-instance"
		xsi:schemaLocation="http://maven.apache.org/plugins/maven-assembly-plugin/assembly/1.1.0 http://maven.apache.org/xsd/assembly-1.1.0.xsd">
	<id>mock</id>
	<formats>
		<format>zip</format>
	</formats>
	<includeBaseDirectory>false</includeBaseDirectory>

	<fileSets>
		<fileSet>
			<directory>${project.basedir}/src/test/config-mock</directory>
			<outputDirectory>./config-mock</outputDirectory>
		</fileSet>
		<fileSet>
			<directory>${project.basedir}/src/test/config-clients</directory>
			<outputDirectory>./config-clients</outputDirectory>
		</fileSet>
		<fileSet>
			<directory>${project.basedir}/src/main/assembly</directory>
			<includes>
				<include>*.cmd</include>
			</includes>
			<excludes>
				<exclude>saf.cmd</exclude>
			</excludes>
			<outputDirectory>./</outputDirectory>
		</fileSet>
	</fileSets>
	<files>
		<file>
			<source>${project.build.directory}/generated-docs-mock/documentation-mock.pdf</source>
			<destName>documentation.pdf</destName>
			<outputDirectory>./</outputDirectory>
		</file>
		<file>
			<source>${project.build.directory}/${project.artifactId}-${project.version}-springboot-mock.war</source>
			<destName>${project.artifactId}-MOCK.war</destName>
			<outputDirectory>./</outputDirectory>
		</file>
	</files>
</assembly>