<assembly
	xmlns="http://maven.apache.org/plugins/maven-assembly-plugin/assembly/1.1.2"
	xmlns:xsi="http://www.w3.org/2001/XMLSchema-instance"
	xsi:schemaLocation="http://maven.apache.org/plugins/maven-assembly-plugin/assembly/1.1.2 http://maven.apache.org/xsd/assembly-1.1.2.xsd">
	<id></id>
	<formats>
		<format>zip</format>
	</formats>
	<includeBaseDirectory>false</includeBaseDirectory>
	

	<fileSets>
		<!-- global files -->
		<fileSet>
			<directory>${project.basedir}/src/main/bash</directory>
			<includes>
				<include>**/*.*</include>
			</includes>
			<outputDirectory>sugar-standalone-install-scripts/bin</outputDirectory>
		</fileSet>
	</fileSets>

</assembly>
